ticker,company_name,cik,filed_at,sic
SODI,SOLITRON DEVICES INC,0000091668,2015-01-09,3674
CVGW,CALAVO GROWERS INC,0001133470,2015-01-15,0700
DWAY,"Driveitaway Holdings, Inc.",0001394638,2015-01-21,8200
OPRX,OptimizeRx Corp,0001448431,2015-02-06,7389
SUIC,SUIC Worldwide Holdings Ltd.,0001394108,2015-02-09,2860
ALTS,ALT5 Sigma Corp,0000862861,2015-02-12,6221
NNVC,"NANOVIRICIDES, INC.",0001379006,2015-02-18,2834
SRAX,"SRAX, Inc.",0001538217,2015-02-20,7311
TVTX,"Travere Therapeutics, Inc.",0001438533,2015-02-20,2834
DCH,Dauch Corp,0001062231,2015-02-23,3714
BWMG,"Brownie's Marine Group, Inc",0001166708,2015-02-25,3949
BOOM,DMC Global Inc.,0000034067,2015-03-06,3390
ARMP,"Armata Pharmaceuticals, Inc.",0000921114,2015-03-09,2836
DCO,DUCOMMUN INC /DE/,0000030305,2015-03-16,3728
ETST,"Earth Science Tech, Inc.",0001538495,2015-03-17,2834
DWAY,"Driveitaway Holdings, Inc.",0001394638,2015-03-19,8200
DWAY,"Driveitaway Holdings, Inc.",0001394638,2015-03-23,8200
NXPL,NextPlat Corp,0001058307,2015-03-26,4813
BCIC,BCP Investment Corp,0001372807,2015-03-27,
CCLD,"CareCloud, Inc.",0001582982,2015-03-27,7372
EHSI,Elite Health Systems Inc.,0001089815,2015-03-31,8093
NEPH,NEPHROS INC,0001196298,2015-03-31,3841
SPIEF,"SPI Energy Co., Ltd.",0001210618,2015-03-31,3674
TBBK,"Bancorp, Inc.",0001295401,2015-04-01,6021
AEYE,AUDIOEYE INC,0001362190,2015-04-01,7372
CAMG,"CAM GROUP, INC.",0001419559,2015-04-15,7310
FLES,"Auto Parts 4Less Group, Inc.",0001438901,2015-04-22,7389
GNK,GENCO SHIPPING & TRADING LTD,0001326200,2015-04-30,4412
WW,"WW INTERNATIONAL, INC.",0000105319,2015-05-05,7200
JKHY,JACK HENRY & ASSOCIATES INC,0000779152,2015-05-07,7373
TGLS,Tecnoglass Inc.,0001534675,2015-05-11,3211
ANET,"Arista Networks, Inc.",0001596532,2015-05-14,3576
ALTS,ALT5 Sigma Corp,0000862861,2015-05-18,6221
CLRB,"Cellectar Biosciences, Inc.",0001279704,2015-05-18,2834
FLNT,"Fluent, Inc.",0001460329,2015-05-27,7310
PGTK,Pacific Green Technologies Inc.,0001553404,2015-07-14,4955
UUU,"UNIVERSAL SAFETY PRODUCTS, INC.",0000102109,2015-07-14,5065
EZPW,EZCORP INC,0000876523,2015-07-17,5900
MTZ,MASTEC INC,0000015615,2015-07-31,1623
FRPH,"FRP HOLDINGS, INC.",0000844059,2015-08-05,6500
IVR,Invesco Mortgage Capital Inc.,0001437071,2015-08-10,6798
SON,SONOCO PRODUCTS CO,0000091767,2015-08-10,2650
XENE,Xenon Pharmaceuticals Inc.,0001582313,2015-08-13,2834
WMS,"ADVANCED DRAINAGE SYSTEMS, INC.",0001604028,2015-08-17,3086
PAHC,PHIBRO ANIMAL HEALTH CORP,0001069899,2015-09-04,2834
GNK,GENCO SHIPPING & TRADING LTD,0001326200,2015-09-18,4412
PETV,"PetVivo Holdings, Inc.",0001512922,2015-09-24,3841
CTGO,"Contango ORE, Inc.",0001502377,2015-10-09,1040
CNBX,CNBX Pharmaceuticals Inc.,0001343009,2015-10-13,2834
CLRO,CLEARONE INC,0000840715,2015-10-14,3661
WDDD,WORLDS INC,0000001961,2015-10-19,7372
EZPW,EZCORP INC,0000876523,2015-10-20,5900
GLPI,"Gaming & Leisure Properties, Inc.",0001575965,2015-10-22,6798
PENN,"PENN Entertainment, Inc.",0000921738,2015-10-22,7011
LTBR,LIGHTBRIDGE Corp,0001084554,2015-11-04,2810
HE,HAWAIIAN ELECTRIC INDUSTRIES INC,0000354707,2015-11-05,4911
TWI,TITAN INTERNATIONAL INC,0000899751,2015-11-06,3312
WTI,W&T OFFSHORE INC,0001288403,2015-11-06,1311
HRI,HERC HOLDINGS INC,0001364479,2015-11-09,7350
BBSI,BARRETT BUSINESS SERVICES INC,0000902791,2015-11-09,7363
BBSI,BARRETT BUSINESS SERVICES INC,0000902791,2015-11-12,7363
RVP,RETRACTABLE TECHNOLOGIES INC,0000946563,2015-11-13,3841
HURA,"TuHURA Biosciences, Inc./NV",0001498382,2015-11-16,2834
ELTP,ELITE PHARMACEUTICALS INC /NV/,0001053369,2015-12-04,2834
SLDC,"Solidus Communications, Inc.",0001427644,2015-12-07,4813
CPHI,"CHINA PHARMA HOLDINGS, INC.",0001106644,2015-12-11,2834
PMCB,"PharmaCyte Biotech, Inc.",0001157075,2015-12-31,2836
SDCH,"SideChannel, Inc.",0001022505,2016-01-11,7374
HSDT,Solana Co,0001610853,2016-01-11,3845
SPG,SIMON PROPERTY GROUP INC.,0001063761,2016-01-13,6798
SDCH,"SideChannel, Inc.",0001022505,2016-01-28,7374
WES,"Western Midstream Partners, LP",0001423902,2016-01-28,4922
ATEC,"Alphatec Holdings, Inc.",0001350653,2016-02-09,3841
MOJO,EQUATOR Beverage Co,0001414953,2016-02-16,2080
PYYX,"PYXUS INTERNATIONAL, INC.",0000939930,2016-02-19,5150
PGTK,Pacific Green Technologies Inc.,0001553404,2016-02-22,4955
VATE,INNOVATE Corp.,0001006837,2016-02-22,3440
BBSI,BARRETT BUSINESS SERVICES INC,0000902791,2016-03-09,7363
BNKL,Bionik Laboratories Corp.,0001508381,2016-03-11,3842
IBRX,"ImmunityBio, Inc.",0001326110,2016-03-11,2836
ESI,Element Solutions Inc,0001590714,2016-03-11,2890
BNKL,Bionik Laboratories Corp.,0001508381,2016-03-15,3842
KLNG,"Koil Energy Solutions, Inc.",0001110607,2016-03-21,3533
BHC,Bausch Health Companies Inc.,0000885590,2016-03-21,2834
LFT,"Lument Finance Trust, Inc.",0001547546,2016-03-22,6798
EVTC,"EVERTEC, Inc.",0001559865,2016-03-23,7374
ARMP,"Armata Pharmaceuticals, Inc.",0000921114,2016-03-29,2836
TGLS,Tecnoglass Inc.,0001534675,2016-04-06,3211
MRKR,"Marker Therapeutics, Inc.",0001094038,2016-04-11,2834
ETST,"Earth Science Tech, Inc.",0001538495,2016-04-12,2834
BLPG,"Blue Line Protection Group, Inc.",0001416697,2016-04-13,5900
PLPL,"Plandai Biotechnology, Inc.",0001317880,2016-04-27,2834
OI,"O-I Glass, Inc. /DE/",0000812074,2016-05-02,3221
ESI,Element Solutions Inc,0001590714,2016-05-09,2890
PLPL,"Plandai Biotechnology, Inc.",0001317880,2016-05-17,2834
BTCY,BIOTRICITY INC.,0001630113,2016-05-17,3841
STCB,"Starco Brands, Inc.",0001539850,2016-05-19,7311
TGLS,Tecnoglass Inc.,0001534675,2016-05-27,3211
NGL,NGL Energy Partners LP,0001504461,2016-05-31,4922
KAYS,"Kaya Holdings, Inc.",0001530746,2016-05-31,2834
MDLK,ModuLink Inc.,0001611046,2016-06-15,7000
AXSM,"Axsome Therapeutics, Inc.",0001579428,2016-07-12,2834
LFVN,Lifevantage Corp,0000849146,2016-07-13,2834
CARV,CARVER BANCORP INC,0001016178,2016-07-15,6035
EBMT,"Eagle Bancorp Montana, Inc.",0001478454,2016-07-27,6022
FTSP,"FinTrade Sherpa, Inc.",0001319643,2016-08-05,1040
GTCH,GBT Technologies Inc.,0001471781,2016-08-09,8742
VIAV,VIAVI SOLUTIONS INC.,0000912093,2016-08-11,3674
LWAY,"Lifeway Foods, Inc.",0000814586,2016-08-15,2020
CLTS,EARTH LIFE SCIENCES INC,0001165639,2016-09-02,7381
AIXN,"AiXin Life International, Inc.",0000835662,2016-09-02,5912
SCOR,"COMSCORE, INC.",0001158172,2016-09-15,7389
PNBK,PATRIOT NATIONAL BANCORP INC,0001098146,2016-09-16,6021
ZBRA,ZEBRA TECHNOLOGIES CORP,0000877212,2016-11-01,3560
IPSI,"Innovative Payment Solutions, Inc.",0001591913,2016-11-03,5961
INFU,"InfuSystem Holdings, Inc",0001337013,2016-11-07,3841
KOPN,KOPIN CORP,0000771266,2016-11-08,3674
LWAY,"Lifeway Foods, Inc.",0000814586,2016-11-08,2020
CHKR,CHESAPEAKE GRANITE WASH TRUST,0001524769,2016-11-10,1311
LGND,LIGAND PHARMACEUTICALS INC,0000886163,2016-11-14,2834
SUPN,"SUPERNUS PHARMACEUTICALS, INC.",0001356576,2016-11-14,2834
PI,IMPINJ INC,0001114995,2016-11-15,3679
MKZR,"MacKenzie Realty Capital, Inc.",0001550913,2016-11-15,6798
MBRX,"Moleculin Biotech, Inc.",0001659617,2016-11-18,2834
LTSV,"Lightstone Value Plus REIT IV, Inc.",0001619312,2016-11-21,6798
KULR,"KULR Technology Group, Inc.",0001662684,2016-11-23,3670
MKZR,"MacKenzie Realty Capital, Inc.",0001550913,2016-11-28,6798
WMS,"ADVANCED DRAINAGE SYSTEMS, INC.",0001604028,2016-11-29,3086
KULR,"KULR Technology Group, Inc.",0001662684,2016-12-02,3670
LWAY,"Lifeway Foods, Inc.",0000814586,2016-12-09,2020
CYTK,CYTOKINETICS INC,0001061983,2016-12-12,2834
KULR,"KULR Technology Group, Inc.",0001662684,2016-12-12,3670
FUNC,FIRST UNITED CORP/MD/,0000763907,2016-12-19,6021
CZWI,Citizens Community Bancorp Inc.,0001367859,2016-12-29,6035
MITI,"Mitesco, Inc.",0000802257,2016-12-30,7370
AROC,"Archrock, Inc.",0001389050,2017-01-05,4922
PSIX,"POWER SOLUTIONS INTERNATIONAL, INC.",0001137091,2017-01-05,3510
FVTI,"Fortune Valley Treasures, Inc.",0001626745,2017-01-09,5900
WKSP,Worksport Ltd,0001096275,2017-01-17,3714
WKSP,Worksport Ltd,0001096275,2017-01-18,3714
PSIX,"POWER SOLUTIONS INTERNATIONAL, INC.",0001137091,2017-02-03,3510
OPXS,Optex Systems Holdings Inc,0001397016,2017-02-21,3827
ABVC,"ABVC BIOPHARMA, INC.",0001173313,2017-02-22,2834
INND,"INNERSCOPE HEARING TECHNOLOGIES, INC.",0001609139,2017-02-27,7311
PBT,PERMIAN BASIN ROYALTY TRUST,0000319654,2017-03-03,6792
USPH,U S PHYSICAL THERAPY INC /NV,0000885978,2017-03-16,8000
EMMA,"Emmaus Life Sciences, Inc.",0000822370,2017-03-30,2834
RGBP,Regen BioPharma Inc,0001589150,2017-03-31,2834
MDGL,"MADRIGAL PHARMACEUTICALS, INC.",0001157601,2017-03-31,2834
GLXZ,"Galaxy Gaming, Inc.",0000013156,2017-04-03,7900
PSIX,"POWER SOLUTIONS INTERNATIONAL, INC.",0001137091,2017-04-07,3510
WORX,SCWorx Corp.,0001674227,2017-04-12,7374
SINT,"Sintx Technologies, Inc.",0001269026,2017-04-19,3841
PRGO,PERRIGO Co plc,0001585364,2017-04-25,2834
PDM,"Piedmont Realty Trust, Inc.",0001042776,2017-05-03,6512
SISI,"SHINECO, INC.",0001300734,2017-05-10,0100
ONIT,ONITY GROUP INC.,0000873860,2017-05-16,6162
NTWK,NETSOL TECHNOLOGIES INC,0001039280,2017-05-22,7372
NTWK,NETSOL TECHNOLOGIES INC,0001039280,2017-05-23,7372
TLSS,"Transportation & Logistics Systems, Inc.",0001463208,2017-06-09,4700
SNCR,SYNCHRONOSS TECHNOLOGIES INC,0001131554,2017-06-13,7371
DCLT,Data Call Technologies,0001321828,2017-06-15,7389
USBC,"USBC, Inc.",0001074828,2017-06-27,6199
CARV,CARVER BANCORP INC,0001016178,2017-07-20,6035
FTI,TechnipFMC plc,0001681459,2017-07-24,3533
CDIX,Cardiff Lexington Corp,0000811222,2017-07-27,8011
MDLK,ModuLink Inc.,0001611046,2017-08-02,7000
SNFCA,SECURITY NATIONAL FINANCIAL CORP,0000318673,2017-08-04,6199
AUID,authID Inc.,0001534154,2017-08-14,7372
TLSS,"Transportation & Logistics Systems, Inc.",0001463208,2017-08-18,4700
CDIX,Cardiff Lexington Corp,0000811222,2017-08-22,8011
CDIX,Cardiff Lexington Corp,0000811222,2017-08-30,8011
PGTK,Pacific Green Technologies Inc.,0001553404,2017-09-08,4955
CDIX,Cardiff Lexington Corp,0000811222,2017-09-22,8011
LBRA,1847 Holdings LLC,0001599407,2017-10-03,8742
AIRT,AIR T INC,0000353184,2017-10-05,4513
SNCR,SYNCHRONOSS TECHNOLOGIES INC,0001131554,2017-10-12,7371
CVAT,"Cavitation Technologies, Inc.",0001376793,2017-10-25,0700
GNE,Genie Energy Ltd.,0001528356,2017-11-02,4931
KHC,Kraft Heinz Co,0001637459,2017-11-06,2030
LEAI,"Legacy Education Alliance, Inc.",0001561880,2017-11-14,8200
GPUS,"Hyperscale Data, Inc.",0000896493,2017-11-14,3533
XTNT,"Xtant Medical Holdings, Inc.",0001453593,2017-11-20,3841
CVM,CEL SCI CORP,0000725363,2017-11-22,2836
GEOS,GEOSPACE TECHNOLOGIES CORP,0001001115,2017-11-22,3829
SINT,"Sintx Technologies, Inc.",0001269026,2017-12-11,3841
CVAT,"Cavitation Technologies, Inc.",0001376793,2017-12-14,0700
BMTM,"Bright Mountain Media, Inc.",0001568385,2017-12-15,7371
ABAT,AMERICAN BATTERY TECHNOLOGY Co,0001576873,2017-12-28,1400
LOOP,"Loop Industries, Inc.",0001504678,2018-01-10,2800
REKR,"Rekor Systems, Inc.",0001697851,2018-01-25,3669
RMSL,RemSleep Holdings Inc.,0001412126,2018-01-29,7200
GCAN,"Greater Cannabis Company, Inc.",0001695473,2018-02-06,2834
BDCC,Blackwell 3D Construction Corp.,0001495648,2018-02-07,1520
ASTC,ASTROTECH Corp,0001001907,2018-02-12,3826
RMSL,RemSleep Holdings Inc.,0001412126,2018-02-13,7200
LIVE,LIVE VENTURES Inc,0001045742,2018-02-14,5900
JANL,JANEL CORP,0001133062,2018-02-20,7389
GTBP,"GT Biopharma, Inc.",0000109657,2018-02-21,2834
SRNE,"Sorrento Therapeutics, Inc.",0000850261,2018-02-27,2836
ABVC,"ABVC BIOPHARMA, INC.",0001173313,2018-03-12,2834
CWH,"Camping World Holdings, Inc.",0001669779,2018-03-13,5500
DRIO,DarioHealth Corp.,0001533998,2018-03-19,3841
PHIO,Phio Pharmaceuticals Corp.,0001533040,2018-03-26,2834
CTGL,"CITRINE GLOBAL, CORP.",0001498067,2018-03-27,7372
AZZ,AZZ INC,0000008947,2018-03-29,3470
EXPI,"eXp World Holdings, Inc.",0001495932,2018-04-03,6531
IZEA,"IZEA Worldwide, Inc.",0001495231,2018-04-03,7310
NMTC,NEUROONE MEDICAL TECHNOLOGIES Corp,0001500198,2018-04-09,3841
NMTC,NEUROONE MEDICAL TECHNOLOGIES Corp,0001500198,2018-04-16,3841
EXPI,"eXp World Holdings, Inc.",0001495932,2018-04-16,6531
CDIX,Cardiff Lexington Corp,0000811222,2018-04-18,8011
WKHS,Workhorse Group Inc.,0001425287,2018-05-09,3711
KLIC,KULICKE & SOFFA INDUSTRIES INC,0000056978,2018-05-10,3674
PPG,PPG INDUSTRIES INC,0000079879,2018-05-10,2851
ORA,"ORMAT TECHNOLOGIES, INC.",0001296445,2018-05-16,4911
ADMG,ADAMANT DRI PROCESSING & MINERALS GROUP,0001171008,2018-05-24,1000
KLIC,KULICKE & SOFFA INDUSTRIES INC,0000056978,2018-05-30,3674
MDXG,"MIMEDX GROUP, INC.",0001376339,2018-06-07,3841
BWA,BORGWARNER INC,0000908255,2018-06-15,3714
QCLS,"Q/C TECHNOLOGIES, INC.",0001321834,2018-06-19,2835
HMMR,HAMMER TECHNOLOGY HOLDINGS CORP.,0001539680,2018-06-21,4899
SENEB,Seneca Foods Corp,0000088948,2018-06-28,2033
PPG,PPG INDUSTRIES INC,0000079879,2018-06-28,2851
ATEN,"A10 Networks, Inc.",0001580808,2018-07-02,3576
UNTC,UNIT CORP,0000798949,2018-08-03,1311
ATEX,Anterix Inc.,0001304492,2018-08-09,4813
PGEN,"PRECIGEN, INC.",0001356090,2018-08-09,2834
RMTI,"ROCKWELL MEDICAL, INC.",0001041024,2018-08-14,2834
PRPH,"ProPhase Labs, Inc.",0000868278,2018-08-15,2834
BOXL,Boxlight Corp,0001624512,2018-08-16,8200
DREM,Dream Homes & Development Corp.,0001518336,2018-08-22,1531
QMCO,QUANTUM CORP /DE/,0000709283,2018-09-14,3572
BTCS,BTCS Inc.,0001436229,2018-09-21,6199
PSIX,"POWER SOLUTIONS INTERNATIONAL, INC.",0001137091,2018-10-03,3510
GPUS,"Hyperscale Data, Inc.",0000896493,2018-10-18,3533
INQD,Indoor Harvest Corp,0001572565,2018-10-23,3590
GURE,"GULF RESOURCES, INC.",0000885462,2018-10-24,2800
PSMT,PRICESMART INC,0001041803,2018-10-25,5331
CHSCP,CHS INC,0000823277,2018-10-26,5150
ATXG,ADDENTAX GROUP CORP.,0001650101,2018-10-26,7330
SRXH,"SRx Health Solutions, Inc.",0001471727,2018-10-30,2080
LFT,"Lument Finance Trust, Inc.",0001547546,2018-11-06,6798
LSAK,LESAKA TECHNOLOGIES INC,0001041514,2018-11-08,6099
MRAM,EVERSPIN TECHNOLOGIES INC.,0001438423,2018-11-08,3674
CUBI,"Customers Bancorp, Inc.",0001488813,2018-11-13,6022
ATOS,"ATOSSA THERAPEUTICS, INC.",0001488039,2018-11-13,2834
AITX,Artificial Intelligence Technology Solutions Inc.,0001498148,2018-11-13,7372
SMCI,"Super Micro Computer, Inc.",0001375365,2018-11-15,3571
MJNE,"MJ Holdings, Inc.",0001456857,2018-11-28,7389
FORZ,Forza Innovations Inc,0001683131,2018-12-28,3442
CRCW,Crypto Co,0001688126,2019-01-03,7374
TCCO,TECHNICAL COMMUNICATIONS CORP,0000096699,2019-01-22,3663
JANL,JANEL CORP,0001133062,2019-01-30,7389
CTLP,"CANTALOUPE, INC.",0000896429,2019-02-06,3578
CVU,CPI AEROSTRUCTURES INC,0000889348,2019-02-08,3728
TAP,MOLSON COORS BEVERAGE CO,0000024545,2019-02-12,2082
MMMM,"Quad M Solutions, Inc.",0000066600,2019-02-20,1090
RVYL,RYVYL Inc.,0001419275,2019-02-21,8742
WSR,Whitestone REIT,0001175535,2019-02-27,6798
EGY,VAALCO ENERGY INC /DE/,0000894627,2019-03-06,1311
WOW,"WideOpenWest, Inc.",0001701051,2019-03-07,4841
TBCH,Turtle Beach Corp,0001493761,2019-03-14,3669
PLX,"Protalix BioTherapeutics, Inc.",0001006281,2019-03-18,2836
ONDS,Ondas Inc.,0001646188,2019-03-19,3663
GRNQ,Greenpro Capital Corp.,0001597846,2019-04-02,8742
SBLX,"StableX Technologies, Inc.",0001086745,2019-04-03,4899
SRAX,"SRAX, Inc.",0001538217,2019-04-08,7311
FUBO,FuboTV Inc.,0001484769,2019-04-12,7812
YCBD,"cbdMD, Inc.",0001644903,2019-04-18,2844
CCOB,Century Cobalt Corp.,0001456802,2019-04-30,6500
GWRE,"Guidewire Software, Inc.",0001528396,2019-05-01,7372
KHC,Kraft Heinz Co,0001637459,2019-05-06,2030
KFS,KINGSWAY FINANCIAL SERVICES INC,0001072627,2019-06-19,6331
SYPR,SYPRIS SOLUTIONS INC,0000864240,2019-06-27,3823
RVYL,RYVYL Inc.,0001419275,2019-06-28,8742
SEI,"Solaris Energy Infrastructure, Inc.",0001697500,2019-07-19,3533
JANL,JANEL CORP,0001133062,2019-07-24,7389
DYNR,"DYNARESOURCE, INC.",0001111741,2019-08-07,1000
AREN,"Arena Group Holdings, Inc.",0000894871,2019-08-16,4841
SSKN,"STRATA Skin Sciences, Inc.",0001051514,2019-08-26,3841
AIXN,"AiXin Life International, Inc.",0000835662,2019-08-26,5912
CTLP,"CANTALOUPE, INC.",0000896429,2019-10-09,3578
AITX,Artificial Intelligence Technology Solutions Inc.,0001498148,2019-10-16,7372
TLF,TANDY LEATHER FACTORY INC,0000909724,2019-10-21,3100
AUSI,AURA SYSTEMS INC,0000826253,2019-10-23,3690
AITX,Artificial Intelligence Technology Solutions Inc.,0001498148,2019-10-25,7372
MAT,MATTEL INC /DE/,0000063276,2019-10-29,3942
WKHS,Workhorse Group Inc.,0001425287,2019-11-01,3711
UONE,"URBAN ONE, INC.",0001041657,2019-11-12,4832
UONE,"URBAN ONE, INC.",0001041657,2019-11-14,4832
NIXX,"Nixxy, Inc.",0001462223,2019-11-14,7371
BWMY,"BorrowMoney.com, Inc.",0001656501,2019-11-15,7389
ALTS,ALT5 Sigma Corp,0000862861,2019-11-15,6221
FSFG,"First Savings Financial Group, Inc.",0001435508,2019-11-19,6035
DTEAF,DAVIDsTEA Inc.,0001627606,2019-12-18,5400
CVM,CEL SCI CORP,0000725363,2019-12-23,2836
USBC,"USBC, Inc.",0001074828,2020-01-22,6199
RVYL,RYVYL Inc.,0001419275,2020-01-28,8742
BE,Bloom Energy Corp,0001664703,2020-02-12,3620
BAX,BAXTER INTERNATIONAL INC,0000010456,2020-02-13,3841
USBC,"USBC, Inc.",0001074828,2020-02-14,6199
CVU,CPI AEROSTRUCTURES INC,0000889348,2020-02-14,3728
CTLP,"CANTALOUPE, INC.",0000896429,2020-02-18,3578
CCI,CROWN CASTLE INC.,0001051470,2020-02-26,6798
REI,"RING ENERGY, INC.",0001384195,2020-02-27,1311
GPOR,GULFPORT ENERGY CORP,0000874499,2020-02-27,1311
VMD,"VIEMED HEALTHCARE, INC.",0001729149,2020-03-03,8090
RSKIA,"GEORGE RISK INDUSTRIES, INC.",0000084112,2020-03-11,3669
RSKIA,"GEORGE RISK INDUSTRIES, INC.",0000084112,2020-03-12,3669
RAVE,"RAVE RESTAURANT GROUP, INC.",0000718332,2020-03-13,5140
CVGI,"Commercial Vehicle Group, Inc.",0001290900,2020-03-16,3714
APYX,Apyx Medical Corp,0000719135,2020-03-16,3841
XELA,"Exela Technologies, Inc.",0001620179,2020-03-17,7389
CRON,Cronos Group Inc.,0001656472,2020-03-17,2833
APYX,Apyx Medical Corp,0000719135,2020-03-19,3841
DY,DYCOM INDUSTRIES INC,0000067215,2020-03-23,1623
FLYYQ,"Spirit Aviation Holdings, Inc.",0001498710,2020-03-26,4512
PRTH,"Priority Technology Holdings, Inc.",0001653558,2020-03-30,7389
UEEC,"United Health Products, Inc.",0001096938,2020-03-31,3842
UEEC,"United Health Products, Inc.",0001096938,2020-04-02,3842
BCHT,Birchtech Corp.,0000728385,2020-04-14,3829
BRT,BRT Apartments Corp.,0000014846,2020-04-21,6798
BLFS,BIOLIFE SOLUTIONS INC,0000834365,2020-04-30,3845
WSBF,"Waterstone Financial, Inc.",0001569994,2020-05-13,6035
GPFT,"Grapefruit USA, Inc",0001205181,2020-05-13,3844
NCRA,"NOCERA, INC.",0001756180,2020-05-14,0200
YHGJ,YUNHONG GREEN CTI LTD.,0001042187,2020-05-14,3060
BRT,BRT Apartments Corp.,0000014846,2020-05-15,6798
SOWG,Sow Good Inc.,0001490161,2020-05-15,2000
BSAI,BLUSKY AI INC.,0001416090,2020-05-22,1040
TSQ,"Townsquare Media, Inc.",0001499832,2020-06-09,4832
HBB,Hamilton Beach Brands Holding Co,0001709164,2020-06-11,3634
CANN,TREES Corp (Colorado),0001477009,2020-07-07,5912
EMMA,"Emmaus Life Sciences, Inc.",0000822370,2020-07-08,2834
KEX,KIRBY CORP,0000056047,2020-07-10,4400
ANVI,"ANVI GLOBAL HOLDINGS, INC.",0001570132,2020-07-16,5400
HBB,Hamilton Beach Brands Holding Co,0001709164,2020-07-24,3634
GVA,GRANITE CONSTRUCTION INC,0000861459,2020-07-27,1600
VTLE,"Vital Energy, Inc.",0001528129,2020-08-05,1311
CCOB,Century Cobalt Corp.,0001456802,2020-08-06,6500
FUBO,FuboTV Inc.,0001484769,2020-08-11,7812
LIVE,LIVE VENTURES Inc,0001045742,2020-08-14,5900
BRSF,BRAIN SCIENTIFIC INC.,0001662382,2020-08-18,3841
GVA,GRANITE CONSTRUCTION INC,0000861459,2020-08-27,1600
NUTX,Nutex Health Inc.,0001479681,2020-09-08,7389
FLR,FLUOR CORP,0001124198,2020-09-08,1600
DTSS,DATASEA INC.,0001631282,2020-09-09,7372
FUBO,FuboTV Inc.,0001484769,2020-09-15,7812
IEHC,IEH Corp,0000050292,2020-10-08,3678
NIHK,"Video River Networks, Inc.",0001084475,2020-10-13,6500
ODYY,"Odyssey Health, Inc.",0001626644,2020-10-15,3841
MAYS,MAYS J W INC,0000054187,2020-10-19,6512
SVMB,"Jingbo Technology, Inc.",0001647822,2020-10-30,7372
MDV,"MODIV INDUSTRIAL, INC.",0001645873,2020-11-02,6798
CODX,"Co-Diagnostics, Inc.",0001692415,2020-11-02,3841
LEGH,Legacy Housing Corp,0001436208,2020-11-06,2451
GTM,ZoomInfo Technologies Inc.,0001794515,2020-11-09,7372
SGLY,Singularity Future Technology Ltd.,0001422892,2020-11-16,4731
SNOA,"Sonoma Pharmaceuticals, Inc.",0001367083,2020-11-17,3841
HIGR,Hi-Great Group Holding Co,0001807616,2020-11-25,7011
IDXG,"INTERPACE BIOSCIENCES, INC.",0001054102,2020-12-08,3841
CWGL,"Crimson Wine Group, Ltd",0001562151,2020-12-22,2080
CVM,CEL SCI CORP,0000725363,2020-12-29,2836
FRMM,FORUM MARKETS Inc,0001690080,2020-12-31,6199
BWMY,"BorrowMoney.com, Inc.",0001656501,2021-01-27,7389
RIME,"Algorhythm Holdings, Inc.",0000923601,2021-01-29,7373
FRMM,FORUM MARKETS Inc,0001690080,2021-02-03,6199
PBFS,"Pioneer Bancorp, Inc./MD",0001769663,2021-02-16,6036
SNWV,"SANUWAVE Health, Inc.",0001417663,2021-02-18,3841
RRC,RANGE RESOURCES CORP,0000315852,2021-02-19,1311
GVA,GRANITE CONSTRUCTION INC,0000861459,2021-02-19,1600
HFUS,"Hartford Creative Group, Inc.",0001482554,2021-02-23,7374
ANF,ABERCROMBIE & FITCH CO /DE/,0001018840,2021-03-03,5651
AHCO,AdaptHealth Corp.,0001725255,2021-03-09,8082
CLPR,Clipper Realty Inc.,0001649096,2021-03-11,6798
ACEL,"Accel Entertainment, Inc.",0001698991,2021-03-16,7900
PLUG,PLUG POWER INC,0001093691,2021-03-16,3620
RMBS,RAMBUS INC,0000917273,2021-03-16,3674
AUVI,"Applied UV, Inc.",0001811109,2021-03-30,3640
BMTM,"Bright Mountain Media, Inc.",0001568385,2021-03-31,7371
TBTC,TABLE TRAC INC,0001090396,2021-04-01,7990
DLPN,"Dolphin Entertainment, Inc.",0001282224,2021-04-08,7200
BWMY,"BorrowMoney.com, Inc.",0001656501,2021-04-13,7389
GTBP,"GT Biopharma, Inc.",0000109657,2021-04-16,2834
THER,"THERALINK TECHNOLOGIES, INC.",0001362703,2021-04-20,2834
WORX,SCWorx Corp.,0001674227,2021-04-21,7374
SOFI,"SoFi Technologies, Inc.",0001818874,2021-04-22,6199
OPFI,OppFi Inc.,0001818502,2021-04-22,6199
VRT,Vertiv Holdings Co,0001674101,2021-04-23,3679
OWL,BLUE OWL CAPITAL INC.,0001823945,2021-04-23,6282
STEM,"STEM, INC.",0001758766,2021-04-26,7373
ENVX,Enovix Corp,0001828318,2021-04-27,3690
SRTA,"Strata Critical Medical, Inc.",0001779128,2021-04-28,8000
EVGO,EVgo Inc.,0001821159,2021-04-29,7500
CLVT,CLARIVATE PLC,0001764046,2021-04-29,7374
BSAI,BLUSKY AI INC.,0001416090,2021-04-29,1040
ALIT,"Alight, Inc. / Delaware",0001809104,2021-04-29,7389
HOFV,Hall of Fame Resort & Entertainment Co,0001708176,2021-04-29,7990
QS,QuantumScape Corp,0001811414,2021-04-29,3690
WSC,WillScot Holdings Corp,0001647088,2021-04-29,7350
PWP,Perella Weinberg Partners,0001777835,2021-04-29,6199
PRPL,"Purple Innovation, Inc.",0001643953,2021-04-30,2510
ORGN,"Origin Materials, Inc.",0001802457,2021-04-30,2860
KPLT,"Katapult Holdings, Inc.",0001785424,2021-04-30,7359
ASTS,"AST SpaceMobile, Inc.",0001780312,2021-04-30,4899
SPCE,"Virgin Galactic Holdings, Inc",0001706946,2021-04-30,4700
CELU,Celularity Inc,0001752828,2021-04-30,2834
AHCO,AdaptHealth Corp.,0001725255,2021-04-30,8082
RPAY,Repay Holdings Corp,0001720592,2021-04-30,7389
MIR,"Mirion Technologies, Inc.",0001809987,2021-04-30,3829
MEHCQ,Chrome Holding Co.,0001804591,2021-05-03,2834
CURI,CuriosityStream Inc.,0001776909,2021-05-03,7812
RKLB,Rocket Lab Corp,0001819994,2021-05-03,3760
MAPS,"WM TECHNOLOGY, INC.",0001779474,2021-05-03,7372
HLMN,Hillman Solutions Corp.,0001822492,2021-05-03,3420
BARK,"Bark, Inc.",0001819574,2021-05-03,5990
GCMG,GCM Grosvenor Inc.,0001819796,2021-05-03,6282
BODI,"Beachbody Company, Inc.",0001826889,2021-05-03,5960
RDW,Redwire Corp,0001819810,2021-05-03,3760
UP,Wheels Up Experience Inc.,0001819516,2021-05-04,4522
CLVR,Clever Leaves Holdings Inc.,0001819615,2021-05-04,2834
RMCO,Royalty Management Holding Corp,0001843656,2021-05-04,6794
SKLZ,Skillz Inc.,0001801661,2021-05-04,7374
UTZ,"Utz Brands, Inc.",0001739566,2021-05-04,2090
BFLY,"Butterfly Network, Inc.",0001804176,2021-05-04,3844
LIDR,"AEye, Inc.",0001818644,2021-05-04,3714
HIMS,"Hims & Hers Health, Inc.",0001773751,2021-05-04,8011
NKLAQ,Nikola Corp,0001731289,2021-05-04,3711
TALK,"Talkspace, Inc.",0001803901,2021-05-05,8000
WGS,GeneDx Holdings Corp.,0001818331,2021-05-05,8000
CHPT,"ChargePoint Holdings, Inc.",0001777393,2021-05-05,3690
OSW,ONESPAWORLD HOLDINGS Ltd,0001758488,2021-05-06,7997
FOA,Finance of America Companies Inc.,0001828937,2021-05-06,6162
HYMC,HYCROFT MINING HOLDING CORP,0001718405,2021-05-06,1040
TH,Target Hospitality Corp.,0001712189,2021-05-06,7000
RSI,"Rush Street Interactive, Inc.",0001793659,2021-05-07,7990
CIFR,Cipher Digital Inc.,0001819989,2021-05-07,6199
SMR,NUSCALE POWER Corp,0001822966,2021-05-07,3443
NRDY,Nerdy Inc.,0001819404,2021-05-07,8200
RVPH,"REVIVA PHARMACEUTICALS HOLDINGS, INC.",0001742927,2021-05-07,2834
VRRM,VERRA MOBILITY Corp,0001682745,2021-05-07,4700
FOXO,FOXO TECHNOLOGIES INC.,0001812360,2021-05-07,8731
ADNH,"ADVENT TECHNOLOGIES HOLDINGS, INC.",0001744494,2021-05-07,3690
OSW,ONESPAWORLD HOLDINGS Ltd,0001758488,2021-05-07,7997
ACEL,"Accel Entertainment, Inc.",0001698991,2021-05-10,7900
MKTW,"MARKETWISE, INC.",0001805651,2021-05-10,7372
SKIN,Beauty Health Co,0001818093,2021-05-10,3841
INSE,"Inspired Entertainment, Inc.",0001615063,2021-05-10,7372
MSPR,"MSP Recovery, Inc.",0001802450,2021-05-10,7374
QSI,Quantum-Si Inc,0001816431,2021-05-10,3829
BKSY,BlackSky Technology Inc.,0001753539,2021-05-10,3663
MYPS,"PLAYSTUDIOS, Inc.",0001823878,2021-05-10,7372
DFNS,"IronNet, Inc.",0001777946,2021-05-11,7372
SPRU,SPRUCE POWER HOLDING CORP,0001772720,2021-05-11,4911
HIPO,Hippo Holdings Inc.,0001828105,2021-05-11,6331
HYLN,Hyliion Holdings Corp.,0001759631,2021-05-11,3713
ACHR,Archer Aviation Inc.,0001824502,2021-05-11,3721
SKIL,Skillsoft Corp.,0001774675,2021-05-11,7372
NRXP,"NRX Pharmaceuticals, Inc.",0001719406,2021-05-11,2834
NRDE,NU RIDE INC.,0001759546,2021-05-11,3711
EVEX,"Eve Holding, Inc.",0001823652,2021-05-11,3721
SPIR,"Spire Global, Inc.",0001816017,2021-05-11,4899
AVPT,"AvePoint, Inc.",0001777921,2021-05-12,7372
VELO,"Velo3D, Inc.",0001825079,2021-05-12,3559
CCC,CCC Intelligent Solutions Holdings Inc.,0001818201,2021-05-12,7372
EVLV,"Evolv Technologies Holdings, Inc.",0001805385,2021-05-12,3577
JOBY,"Joby Aviation, Inc.",0001819848,2021-05-13,3721
UWMC,UWM Holdings Corp,0001783398,2021-05-13,6162
PMVC,PMV Consumer Acquisition Corp.,0001807765,2021-05-13,6770
HUMA,"Humacyte, Inc.",0001818382,2021-05-13,2836
DCGO,DocGo Inc.,0001822359,2021-05-13,8000
XOS,"Xos, Inc.",0001819493,2021-05-14,3714
OUST,"Ouster, Inc.",0001816581,2021-05-14,3569
ENSC,"Ensysce Biosciences, Inc.",0001716947,2021-05-14,2834
BURU,"Nuburu, Inc.",0001814215,2021-05-14,3690
PRCH,"Porch Group, Inc.",0001784535,2021-05-14,7372
SRZN,"Surrozen, Inc./DE",0001824893,2021-05-14,2836
SMPL,Simply Good Foods Co,0001702744,2021-05-14,2000
COEP,"Coeptis Therapeutics Holdings, Inc.",0001759186,2021-05-14,6199
LCID,"Lucid Group, Inc.",0001811210,2021-05-14,3711
VINC,"Vincerx Pharma, Inc.",0001796129,2021-05-14,2834
NUVB,Nuvation Bio Inc.,0001811063,2021-05-14,2834
AEVA,"Aeva Technologies, Inc.",0001789029,2021-05-17,3714
MCOM,micromobility.com Inc.,0001788841,2021-05-17,7389
MLGO,MicroAlgo Inc.,0001800392,2021-05-17,7371
GBTG,"Global Business Travel Group, Inc.",0001820872,2021-05-17,4700
CLOV,"CLOVER HEALTH INVESTMENTS, CORP. /DE",0001801170,2021-05-17,6324
TOI,"Oncology Institute, Inc.",0001799191,2021-05-18,8011
SST,"System1, Inc.",0001805833,2021-05-18,7370
IONQ,"IonQ, Inc.",0001824920,2021-05-18,7373
BOC,BOSTON OMAHA Corp,0001494582,2021-05-18,6510
JSPR,"Jasper Therapeutics, Inc.",0001788028,2021-05-18,2836
SKYH,Sky Harbour Group Corp,0001823587,2021-05-18,6500
HLLY,Holley Inc.,0001822928,2021-05-19,3714
OWLT,"Owlet, Inc.",0001816708,2021-05-20,3829
NRGV,"Energy Vault Holdings, Inc.",0001828536,2021-05-20,3690
SABS,"SAB Biotherapeutics, Inc.",0001833214,2021-05-21,2836
PRIAF,Prime Impact Acquisition I,0001819175,2021-05-21,6770
RBOT,Vicarious Surgical Inc.,0001812173,2021-05-21,3842
NVTS,Navitas Semiconductor Corp,0001821769,2021-05-24,3674
ALTI,"AlTi Global, Inc.",0001838615,2021-05-24,6282
NRGV,"Energy Vault Holdings, Inc.",0001828536,2021-05-24,3690
CPTKW,Crown PropTech Acquisitions,0001827899,2021-05-24,5072
AISP,"Airship AI Holdings, Inc.",0001842566,2021-05-24,7372
FFAI,FARADAY FUTURE INTELLIGENT ELECTRIC INC.,0001805521,2021-05-24,3711
AENT,ALLIANCE ENTERTAINMENT HOLDING CORP,0001823584,2021-05-24,5099
TMC,TMC the metals Co Inc.,0001798562,2021-05-24,1000
SPWR,SunPower Inc.,0001838987,2021-05-24,1700
PIII,P3 Health Partners Inc.,0001832511,2021-05-24,8000
BKKT,"Bakkt, Inc.",0001820302,2021-05-24,6199
GORV,"Lazydays Holdings, Inc.",0001721741,2021-05-24,5500
GWH,"ESS Tech, Inc.",0001819438,2021-05-24,3690
OPAD,Offerpad Solutions Inc.,0001825024,2021-05-25,6531
GPGI,"GPGI, Inc.",0001823144,2021-05-25,6199
BETR,Better Home & Finance Holding Co,0001835856,2021-05-25,6163
BNZI,"Banzai International, Inc.",0001826011,2021-05-28,7372
BTTX,"Better Therapeutics, Inc.",0001832415,2021-05-28,8000
MVST,"Microvast Holdings, Inc.",0001760689,2021-05-28,3690
GRND,Grindr Inc.,0001820144,2021-06-01,7370
SST,"System1, Inc.",0001805833,2021-06-01,7370
FRGE,"Forge Global Holdings, Inc.",0001827821,2021-06-02,6200
MCOM,micromobility.com Inc.,0001788841,2021-06-02,7389
TLSI,"TriSalus Life Sciences, Inc.",0001826667,2021-06-03,3841
ETST,"Earth Science Tech, Inc.",0001538495,2021-06-04,2834
VEEA,VEEA INC.,0001840317,2021-06-04,7373
SONDQ,Sonder Holdings Inc.,0001819395,2021-06-04,7000
CVU,CPI AEROSTRUCTURES INC,0000889348,2021-06-07,3728
PCT,"PureCycle Technologies, Inc.",0001830033,2021-06-08,2821
HGAS,Global Gas Corp,0001817232,2021-06-08,2810
MNTS,Momentus Inc.,0001781162,2021-06-10,3760
BBCP,"Concrete Pumping Holdings, Inc.",0001703956,2021-06-11,1700
CIFR,Cipher Digital Inc.,0001819989,2021-06-14,6199
REVB,"REVELATION BIOSCIENCES, INC.",0001810560,2021-06-16,2834
CXAI,CXApp Inc.,0001820875,2021-06-17,7372
SST,"System1, Inc.",0001805833,2021-06-21,7370
SEGG,Sports Entertainment Gaming Global Corp,0001673481,2021-06-21,7372
VISM,"VISIUM TECHNOLOGIES, INC.",0001082733,2021-06-25,7371
HIGR,Hi-Great Group Holding Co,0001807616,2021-07-14,7011
LCHD,Leader Capital Holdings Corp.,0001715433,2021-07-15,7371
HIGR,Hi-Great Group Holding Co,0001807616,2021-07-15,7011
PQEFF,PETROTEQ ENERGY INC.,0001561180,2021-07-16,1381
ABX,"Abacus Global Management, Inc.",0001814287,2021-07-16,6282
NXDR,"Nextdoor Holdings, Inc.",0001846069,2021-07-19,7370
LUCK,Lucky Strike Entertainment Corp,0001840572,2021-07-19,7900
NOTE,"FiscalNote Holdings, Inc.",0001823466,2021-07-26,7389
CMP,COMPASS MINERALS INTERNATIONAL INC,0001227654,2021-08-05,1400
EMMA,"Emmaus Life Sciences, Inc.",0000822370,2021-08-10,2834
TULP,"BLOOMIA HOLDINGS, INC.",0000875355,2021-08-13,0100
SLSN,"SOLESENCE, INC.",0000883107,2021-08-16,2844
NXDR,"Nextdoor Holdings, Inc.",0001846069,2021-09-01,7370
DXPE,DXP ENTERPRISES INC,0001020710,2021-09-09,5084
PLSH,"PANACEA LIFE SCIENCES HOLDINGS, INC.",0001552189,2021-09-16,2833
CEIN,"CAMBER ENERGY, INC.",0001309082,2021-09-16,1311
BMRA,BIOMERICA INC,0000073290,2021-09-30,2835
FUST,FUSE GROUP HOLDING INC.,0001636051,2021-10-01,1000
DXPE,DXP ENTERPRISES INC,0001020710,2021-10-07,5084
GROW,U S GLOBAL INVESTORS INC,0000754811,2021-10-18,6282
RMCO,Royalty Management Holding Corp,0001843656,2021-10-20,6794
EEX,"Emerald Holding, Inc.",0001579214,2021-11-01,7389
CRON,Cronos Group Inc.,0001656472,2021-11-09,2833
FVTI,"Fortune Valley Treasures, Inc.",0001626745,2021-11-10,5900
ALTI,"AlTi Global, Inc.",0001838615,2021-11-15,6282
BETR,Better Home & Finance Holding Co,0001835856,2021-11-15,6163
BZFD,"BuzzFeed, Inc.",0001828972,2021-11-15,4899
GPGI,"GPGI, Inc.",0001823144,2021-11-15,6199
LUCK,Lucky Strike Entertainment Corp,0001840572,2021-11-15,7900
CORZ,"Core Scientific, Inc./tx",0001839341,2021-11-15,6199
PIII,P3 Health Partners Inc.,0001832511,2021-11-16,8000
LNZA,"LanzaTech Global, Inc.",0001843724,2021-11-16,2860
COEP,"Coeptis Therapeutics Holdings, Inc.",0001759186,2021-11-16,6199
ABX,"Abacus Global Management, Inc.",0001814287,2021-11-16,6282
RGTI,"Rigetti Computing, Inc.",0001838359,2021-11-16,7371
IDEXQ,"IDEANOMICS, INC.",0000837852,2021-11-16,3711
PROK,PROKIDNEY CORP.,0001850270,2021-11-16,2836
NRGV,"Energy Vault Holdings, Inc.",0001828536,2021-11-17,3690
CVU,CPI AEROSTRUCTURES INC,0000889348,2021-11-17,3728
SOC,Sable Offshore Corp.,0001831481,2021-11-17,1311
SST,"System1, Inc.",0001805833,2021-11-17,7370
MRT,"Marti Technologies, Inc.",0001852767,2021-11-17,7510
BTMD,biote Corp.,0001819253,2021-11-18,2833
WALD,Waldencast plc,0001840199,2021-11-18,2844
AISP,"Airship AI Holdings, Inc.",0001842566,2021-11-18,7372
NBST,Newbury Street Acquisition Corp,0001831978,2021-11-18,6770
HYPR,"Hyperfine, Inc.",0001833769,2021-11-18,3845
IMAQ,International Media Acquisition Corp.,0001846235,2021-11-19,7812
SPWR,SunPower Inc.,0001838987,2021-11-19,1700
MOND,"Mondee Holdings, Inc.",0001828852,2021-11-19,4700
SHFS,"SHF Holdings, Inc.",0001854963,2021-11-19,6199
ONMD,OneMedNet Corp,0001849380,2021-11-19,8731
DFNS,T3 Defense Inc.,0001787518,2021-11-19,8742
NVTS,Navitas Semiconductor Corp,0001821769,2021-11-22,3674
MDAI,"Spectral AI, Inc.",0001833498,2021-11-22,3841
FLYX,FLYEXCLUSIVE INC.,0001843973,2021-11-22,4522
CPTKW,Crown PropTech Acquisitions,0001827899,2021-11-22,5072
BKKT,"Bakkt, Inc.",0001820302,2021-11-22,6199
GWH,"ESS Tech, Inc.",0001819438,2021-11-22,3690
VEEA,VEEA INC.,0001840317,2021-11-22,7373
AONC,"American Oncology Network, Inc.",0001839998,2021-11-22,8000
SABS,"SAB Biotherapeutics, Inc.",0001833214,2021-11-22,2836
IDEXQ,"IDEANOMICS, INC.",0000837852,2021-11-22,3711
PLMJF,Plum Acquisition Corp. III,0001845550,2021-11-22,6770
UHG,"United Homes Group, Inc.",0001830188,2021-11-22,1531
SDST,Stardust Power Inc.,0001831979,2021-11-23,3330
BTTX,"Better Therapeutics, Inc.",0001832415,2021-11-23,8000
DAVE,Dave Inc./DE,0001841408,2021-11-23,6199
BNAI,Brand Engagement Network Inc.,0001838163,2021-11-23,7373
DCGO,DocGo Inc.,0001822359,2021-11-23,8000
HGAS,Global Gas Corp,0001817232,2021-11-23,2810
NOTE,"FiscalNote Holdings, Inc.",0001823466,2021-11-24,7389
FRGE,"Forge Global Holdings, Inc.",0001827821,2021-11-24,6200
GBTG,"Global Business Travel Group, Inc.",0001820872,2021-11-24,4700
SES,SES AI Corp,0001819142,2021-11-26,3690
OPAL,OPAL Fuels Inc.,0001842279,2021-11-26,4932
PL,Planet Labs PBC,0001836833,2021-11-26,3663
SLDP,"Solid Power, Inc.",0001844862,2021-11-29,3690
PSQH,"PSQ Holdings, Inc.",0001847064,2021-11-29,7310
MSPR,"MSP Recovery, Inc.",0001802450,2021-11-30,7374
SYM,Symbotic Inc.,0001837240,2021-11-30,3569
OABIW,"OmniAb, Inc.",0001846253,2021-12-01,8731
BITW,Bitwise 10 Crypto Index ETF,0001723788,2021-12-02,6221
COCH,"Envoy Medical, Inc.",0001840877,2021-12-03,3842
MLTX,MoonLake Immunotherapeutics,0001821586,2021-12-03,2834
SBIG,"SpringBig Holdings, Inc.",0001801602,2021-12-03,7371
CSTAF,Constellation Acquisition Corp I,0001834032,2021-12-06,6770
GROV,"Grove Collaborative Holdings, Inc.",0001841761,2021-12-07,5961
SCLX,Scilex Holding Co,0001820190,2021-12-07,2836
LOCL,Local Bounti Corporation/DE,0001840780,2021-12-07,0100
GWAV,"Greenwave Technology Solutions, Inc.",0001589149,2021-12-07,5051
BSLK,"Bolt Projects Holdings, Inc.",0001841125,2021-12-08,2860
TOI,"Oncology Institute, Inc.",0001799191,2021-12-09,8011
MVST,"Microvast Holdings, Inc.",0001760689,2021-12-10,3690
SNTI,"Senti Biosciences, Inc.",0001854270,2021-12-10,2836
SMR,NUSCALE POWER Corp,0001822966,2021-12-10,3443
TLSI,"TriSalus Life Sciences, Inc.",0001826667,2021-12-10,3841
VGAS,"Verde Clean Fuels, Inc.",0001841425,2021-12-13,2860
ILLR,Triller Group Inc.,0001769624,2021-12-13,6282
HLLY,Holley Inc.,0001822928,2021-12-14,3714
JWSMF,Jaws Mustang Acquisition Corp,0001831359,2021-12-16,6770
RUM,Rumble Inc.,0001830081,2021-12-16,7370
NOTV,"Inotiv, Inc.",0000720154,2021-12-16,8731
IOBT,"IO Biotech, Inc.",0001865494,2021-12-17,2834
XBP,"XBP Global Holdings, Inc.",0001839530,2021-12-17,7389
PMVC,PMV Consumer Acquisition Corp.,0001807765,2021-12-20,6770
PLSH,"PANACEA LIFE SCIENCES HOLDINGS, INC.",0001552189,2021-12-20,2833
BITW,Bitwise 10 Crypto Index ETF,0001723788,2021-12-21,6221
AENT,ALLIANCE ENTERTAINMENT HOLDING CORP,0001823584,2021-12-21,5099
RGBP,Regen BioPharma Inc,0001589150,2021-12-22,2834
SLAMF,Slam Corp.,0001838162,2021-12-23,4899
GRND,Grindr Inc.,0001820144,2021-12-23,7370
CIFR,Cipher Digital Inc.,0001819989,2021-12-23,6199
CXAI,CXApp Inc.,0001820875,2021-12-23,7372
CLVT,CLARIVATE PLC,0001764046,2021-12-27,7374
SOUN,"SOUNDHOUND AI, INC.",0001840856,2021-12-28,7372
SAIH,SAIHEAT Ltd,0001847075,2021-12-28,6199
SOUN,"SOUNDHOUND AI, INC.",0001840856,2022-01-10,7372
AERA,AI Era Corp.,0001605331,2022-01-12,6794
ALTD,"ALTITUDE INTERNATIONAL HOLDINGS, INC.",0001664127,2022-01-12,7363
MLGO,MicroAlgo Inc.,0001800392,2022-01-18,7371
HOLO,MicroCloud Hologram Inc.,0001841209,2022-01-20,7370
BNZI,"Banzai International, Inc.",0001826011,2022-01-21,7372
GPFT,"Grapefruit USA, Inc",0001205181,2022-01-24,3844
PRIAF,Prime Impact Acquisition I,0001819175,2022-01-25,6770
SWK,"STANLEY BLACK & DECKER, INC.",0000093556,2022-01-26,3420
WORX,SCWorx Corp.,0001674227,2022-01-28,7374
BURU,"Nuburu, Inc.",0001814215,2022-01-28,3690
ATEX,Anterix Inc.,0001304492,2022-02-03,4813
OBIO,"Orchestra BioMed Holdings, Inc.",0001814114,2022-02-10,3841
GTX,Garrett Motion Inc.,0001735707,2022-02-14,3714
AKR,ACADIA REALTY TRUST,0000899629,2022-02-15,6798
USCTF,Roth CH Acquisition Co.,0001860514,2022-02-16,6770
CDIX,Cardiff Lexington Corp,0000811222,2022-02-17,8011
BITW,Bitwise 10 Crypto Index ETF,0001723788,2022-02-17,6221
MITQ,MOVING iMAGE TECHNOLOGIES INC.,0001770236,2022-02-22,3861
BEEP,Mobile Infrastructure Corp,0001847874,2022-02-23,6500
NPWR,NET Power Inc.,0001845437,2022-02-24,3620
AEON,"AEON Biopharma, Inc.",0001837607,2022-02-25,2834
MITQ,MOVING iMAGE TECHNOLOGIES INC.,0001770236,2022-02-28,3861
RFL,"Rafael Holdings, Inc.",0001713863,2022-02-28,2834
CELH,"Celsius Holdings, Inc.",0001341766,2022-03-01,2086
AKR,ACADIA REALTY TRUST,0000899629,2022-03-01,6798
AMOD,"ALPHA MODUS HOLDINGS, INC.",0001862463,2022-03-04,6794
RMCO,Royalty Management Holding Corp,0001843656,2022-03-09,6794
IDAI,T Stamp Inc,0001718939,2022-03-14,7372
WGS,GeneDx Holdings Corp.,0001818331,2022-03-14,8000
JBI,"Janus International Group, Inc.",0001839839,2022-03-15,3442
IZEA,"IZEA Worldwide, Inc.",0001495231,2022-03-23,7310
SGC,"SUPERIOR GROUP OF COMPANIES, INC.",0000095574,2022-03-23,2300
UCASU,UC Asset LP,0001723517,2022-03-25,6799
ENSV,Enservco Corp,0000319458,2022-03-28,1389
CEIN,"CAMBER ENERGY, INC.",0001309082,2022-03-28,1311
KITT,"Nauticus Robotics, Inc.",0001849820,2022-03-29,3569
ARRY,"Array Technologies, Inc.",0001820721,2022-03-29,3674
ALLR,"Allarity Therapeutics, Inc.",0001860657,2022-03-31,2834
SES,SES AI Corp,0001819142,2022-03-31,3690
ALLR,"Allarity Therapeutics, Inc.",0001860657,2022-04-01,2834
MSPR,"MSP Recovery, Inc.",0001802450,2022-04-06,7374
ZURA,Zura Bio Ltd,0001855644,2022-04-08,2836
CBNT,"C-Bond Systems, Inc",0001421636,2022-04-13,6799
ZIVO,"Zivo Bioscience, Inc.",0001101026,2022-04-15,2836
ENSV,Enservco Corp,0000319458,2022-04-18,1389
ALLR,"Allarity Therapeutics, Inc.",0001860657,2022-04-18,2834
VEEA,VEEA INC.,0001840317,2022-04-21,7373
PIII,P3 Health Partners Inc.,0001832511,2022-04-25,8000
DFNS,"IronNet, Inc.",0001777946,2022-04-25,7372
GRNQ,Greenpro Capital Corp.,0001597846,2022-04-28,8742
LYFT,"Lyft, Inc.",0001759509,2022-04-29,7389
LWAY,"Lifeway Foods, Inc.",0000814586,2022-05-05,2020
GRNQ,Greenpro Capital Corp.,0001597846,2022-05-06,8742
DLPN,"Dolphin Entertainment, Inc.",0001282224,2022-05-10,7200
CJAX,CoJax Oil & Gas Corp,0001763925,2022-05-12,1311
LITS,"Lite Strategy, Inc.",0001262104,2022-05-13,2834
VHC,VirnetX Holding Corp,0001082324,2022-05-13,6794
SYSX,"Sysorex, Inc.",0001737372,2022-05-17,7371
APPS,"Digital Turbine, Inc.",0000317788,2022-05-17,6794
NSSC,"NAPCO SECURITY TECHNOLOGIES, INC",0000069633,2022-05-17,3669
INVU,"Investview, Inc.",0000862651,2022-05-20,7389
IDN,"Intellicheck, Inc.",0001040896,2022-05-20,7372
KPRX,KIORA PHARMACEUTICALS INC,0001372514,2022-05-23,2834
VIVC,VIVIC CORP.,0001703073,2022-06-01,7990
EHSI,Elite Health Systems Inc.,0001089815,2022-06-02,8093
SKIL,Skillsoft Corp.,0001774675,2022-06-03,7372
AERA,AI Era Corp.,0001605331,2022-06-06,6794
TMNA,"AGRI-FINTECH HOLDINGS, INC.",0001648365,2022-06-15,7310
ERNA,Ernexa Therapeutics Inc.,0000748592,2022-06-17,2834
BNED,"Barnes & Noble Education, Inc.",0001634117,2022-06-27,5940
PGTK,Pacific Green Technologies Inc.,0001553404,2022-07-11,4955
CMCAF,Piermont Valley Acquisition Corp,0001865248,2022-07-14,6770
SEGG,Sports Entertainment Gaming Global Corp,0001673481,2022-07-22,7372
SEGG,Sports Entertainment Gaming Global Corp,0001673481,2022-07-26,7372
VRNO,Verano Holdings Corp.,0001848416,2022-07-27,0100
EEX,"Emerald Holding, Inc.",0001579214,2022-07-28,7389
LEGH,Legacy Housing Corp,0001436208,2022-08-03,2451
RBC,RBC Bearings INC,0001324948,2022-08-04,3562
FIEE,"FiEE, Inc.",0001467761,2022-08-04,3661
EHSI,Elite Health Systems Inc.,0001089815,2022-08-04,8093
CYDY,CytoDyn Inc.,0001175680,2022-08-05,2834
DFNS,T3 Defense Inc.,0001787518,2022-08-09,8742
NRXP,"NRX Pharmaceuticals, Inc.",0001719406,2022-08-12,2834
DSS,"DSS, INC.",0000771999,2022-08-12,2650
DAVE,Dave Inc./DE,0001841408,2022-08-12,6199
SMTK,"SmartKem, Inc.",0001817760,2022-08-15,3674
VERI,"Veritone, Inc.",0001615165,2022-08-15,7374
TPHS,Trinity Place Holdings Inc.,0000724742,2022-08-17,6512
APXIF,APx Acquisition Corp. I,0001868573,2022-08-18,6770
APXIF,APx Acquisition Corp. I,0001868573,2022-08-19,6770
GROV,"Grove Collaborative Holdings, Inc.",0001841761,2022-08-22,5961
AERT,"Aeries Technology, Inc.",0001853044,2022-08-22,8742
EDGM,"Edgemode, Inc.",0001652958,2022-08-22,8082
TMNA,"AGRI-FINTECH HOLDINGS, INC.",0001648365,2022-08-24,7310
VGAS,"Verde Clean Fuels, Inc.",0001841425,2022-08-26,2860
JUSHF,Jushi Holdings Inc.,0001909747,2022-08-29,2833
XAGE,"Longevity Health Holdings, Inc.",0001842939,2022-09-09,2840
LFCR,"LIFECORE BIOMEDICAL, INC. \DE\",0001005286,2022-09-14,2834
FTLF,"FITLIFE BRANDS, INC.",0001374328,2022-09-21,2833
BESS,Bimergen Energy Corp,0001066764,2022-09-26,4911
TGCB,"Tego Cyber, Inc.",0001815632,2022-09-27,7370
EVEX,"Eve Holding, Inc.",0001823652,2022-09-29,3721
RLGT,"RADIANT LOGISTICS, INC",0001171155,2022-10-04,4731
IONI,I-ON Digital Corp.,0001580490,2022-10-07,6199
TGCB,"Tego Cyber, Inc.",0001815632,2022-10-19,7370
NB,NIOCORP DEVELOPMENTS LTD,0001512228,2022-10-21,1000
FOUR,"Shift4 Payments, Inc.",0001794669,2022-10-21,7389
SPIR,"Spire Global, Inc.",0001816017,2022-10-25,4899
LYRA,"Lyra Therapeutics, Inc.",0001327273,2022-10-26,3841
MITK,MITEK SYSTEMS INC,0000807863,2022-10-27,3577
SAH,SONIC AUTOMOTIVE INC,0001043509,2022-10-28,5500
XRAY,DENTSPLY SIRONA Inc.,0000818479,2022-11-01,3843
ARRY,"Array Technologies, Inc.",0001820721,2022-11-08,3674
ACLX,"Arcellx, Inc.",0001786205,2022-11-09,2836
ICCC,IMMUCELL CORP /DE/,0000811641,2022-11-10,2835
EVEX,"Eve Holding, Inc.",0001823652,2022-11-14,3721
RGTI,"Rigetti Computing, Inc.",0001838359,2022-11-14,7371
XGN,EXAGEN INC.,0001274737,2022-11-14,8071
DTST,Data Storage Corp,0001419951,2022-11-14,7374
XELA,"Exela Technologies, Inc.",0001620179,2022-11-14,7389
NYC,American Strategic Investment Co.,0001595527,2022-11-14,6798
SPFX,"STANDARD PREMIUM FINANCE HOLDINGS, INC.",0001807893,2022-11-15,6159
FRHC,Freedom Holding Corp.,0000924805,2022-11-15,6211
ALPP,"ALPINE 4 HOLDINGS, INC.",0001606698,2022-11-18,3669
VVOS,"Vivos Therapeutics, Inc.",0001716166,2022-11-22,3841
MOBQ,"Mobiquity Technologies, Inc.",0001084267,2022-11-30,7310
WHLM,"Wilhelmina International, Inc.",0001013706,2022-12-06,8742
OPFI,OppFi Inc.,0001818502,2022-12-09,6199
ALCO,"ALICO, INC.",0000003545,2022-12-13,0100
BBCP,"Concrete Pumping Holdings, Inc.",0001703956,2022-12-13,1700
FEIM,FREQUENCY ELECTRONICS INC,0000039020,2022-12-16,3825
CLRCF,ClimateRock,0001903392,2022-12-21,6770
GLLI,GLOBALINK INVESTMENT INC.,0001888734,2022-12-22,6770
RVYL,RYVYL Inc.,0001419275,2023-01-20,8742
IONI,I-ON Digital Corp.,0001580490,2023-01-20,6199
HFFG,HF Foods Group Inc.,0001680873,2023-01-20,5140
JVA,COFFEE HOLDING CO INC,0001007019,2023-01-25,2090
SOAR,"Volato Group, Inc.",0001853070,2023-01-26,4522
COMS,COMSovereign Holding Corp.,0001178727,2023-01-27,3669
LFCR,"LIFECORE BIOMEDICAL, INC. \DE\",0001005286,2023-02-01,2834
FSFG,"First Savings Financial Group, Inc.",0001435508,2023-02-01,6035
BHR,Braemar Hotels & Resorts Inc.,0001574085,2023-02-01,6798
RH,RH,0001528849,2023-02-03,5712
MAIA,"MAIA Biotechnology, Inc.",0001878313,2023-02-06,2834
PRSU,"Pursuit Attractions & Hospitality, Inc.",0000884219,2023-02-09,7990
FRHC,Freedom Holding Corp.,0000924805,2023-02-10,6211
JTAI,Jet.AI Inc.,0001861622,2023-02-15,4522
GVA,GRANITE CONSTRUCTION INC,0000861459,2023-02-16,1600
LZ,"LEGALZOOM.COM, INC.",0001286139,2023-02-17,7374
AYTU,"AYTU BIOPHARMA, INC",0001385818,2023-02-21,2834
CCSI,"Consensus Cloud Solutions, Inc.",0001866633,2023-02-22,7372
CTMX,"CytomX Therapeutics, Inc.",0001501989,2023-02-24,2834
LVWR,"LiveWire Group, Inc.",0001898795,2023-02-24,3751
LZ,"LEGALZOOM.COM, INC.",0001286139,2023-02-27,7374
JVA,COFFEE HOLDING CO INC,0001007019,2023-02-28,2090
PRM,"Perimeter Solutions, Inc.",0001880319,2023-02-28,2800
EB,"Eventbrite, Inc.",0001475115,2023-02-28,7370
MARA,"MARA Holdings, Inc.",0001507605,2023-02-28,6199
SGLY,Singularity Future Technology Ltd.,0001422892,2023-03-01,4731
RIOT,"Riot Platforms, Inc.",0001167419,2023-03-02,6199
ARRY,"Array Technologies, Inc.",0001820721,2023-03-02,3674
GRNT,"Granite Ridge Resources, Inc.",0001928446,2023-03-06,1311
GROW,U S GLOBAL INVESTORS INC,0000754811,2023-03-06,6282
SGLY,Singularity Future Technology Ltd.,0001422892,2023-03-06,4731
BMTM,"Bright Mountain Media, Inc.",0001568385,2023-03-06,7371
ANVS,"Annovis Bio, Inc.",0001477845,2023-03-06,2834
XOS,"Xos, Inc.",0001819493,2023-03-08,3714
BGFR,BestGofer Inc.,0001722556,2023-03-10,7200
TOVX,"Theriva Biologics, Inc.",0000894158,2023-03-10,2834
PRCH,"Porch Group, Inc.",0001784535,2023-03-14,7372
RILY,"BRC Group Holdings, Inc.",0001464790,2023-03-16,6282
SST,"System1, Inc.",0001805833,2023-03-17,7370
FRHC,Freedom Holding Corp.,0000924805,2023-03-17,6211
TGCB,"Tego Cyber, Inc.",0001815632,2023-03-17,7370
SCPX,"Scorpius Holdings, Inc.",0001476963,2023-03-23,2834
BTMD,biote Corp.,0001819253,2023-03-24,2833
SKLZ,Skillz Inc.,0001801661,2023-03-24,7374
LNC,LINCOLN NATIONAL CORP,0000059558,2023-03-27,6311
NVVE,Nuvve Holding Corp.,0001836875,2023-03-28,3690
JSDA,JONES SODA CO.,0001083522,2023-03-29,2080
BETR,Better Home & Finance Holding Co,0001835856,2023-03-29,6163
PMVC,PMV Consumer Acquisition Corp.,0001807765,2023-03-30,6770
TGCB,"Tego Cyber, Inc.",0001815632,2023-03-30,7370
STRR,"Star Equity Holdings, Inc.",0001210708,2023-03-30,7363
TLPH,"TALPHERA, INC.",0001427925,2023-03-30,2834
BEEP,Mobile Infrastructure Corp,0001847874,2023-03-31,6500
UP,Wheels Up Experience Inc.,0001819516,2023-03-31,4522
SNWV,"SANUWAVE Health, Inc.",0001417663,2023-03-31,3841
AIRJ,AirJoule Technologies Corp.,0001855474,2023-03-31,3585
SABS,"SAB Biotherapeutics, Inc.",0001833214,2023-03-31,2836
COCH,"Envoy Medical, Inc.",0001840877,2023-04-03,3842
EVTV,"Envirotech Vehicles, Inc.",0001563568,2023-04-04,3714
QREE,QUANTUM ENERGY INC.,0001295961,2023-04-05,1311
AEON,"AEON Biopharma, Inc.",0001837607,2023-04-05,2834
HGAS,Global Gas Corp,0001817232,2023-04-07,2810
UONE,"URBAN ONE, INC.",0001041657,2023-04-07,4832
OGEN,ORAGENICS INC,0001174940,2023-04-10,2834
HIND,"Vyome Holdings, Inc",0001427570,2023-04-13,2834
ASFT,"Appsoft Technologies, Inc.",0001651992,2023-04-14,7372
MSPR,"MSP Recovery, Inc.",0001802450,2023-04-14,7374
GPUS,"Hyperscale Data, Inc.",0000896493,2023-04-14,3533
RYM,"RYTHM, Inc.",0001800637,2023-04-17,0700
SCND,SCIENTIFIC INDUSTRIES INC,0000087802,2023-04-17,3826
QBTS,D-Wave Quantum Inc.,0001907982,2023-04-17,7374
CXAI,CXApp Inc.,0001820875,2023-04-19,7372
QBTS,D-Wave Quantum Inc.,0001907982,2023-04-19,7374
BGFR,BestGofer Inc.,0001722556,2023-04-21,7200
ALTS,ALT5 Sigma Corp,0000862861,2023-04-21,6221
AIBT,"AIBOTICS, INC.",0001763329,2023-05-03,2833
MITK,MITEK SYSTEMS INC,0000807863,2023-05-08,3577
ANGX,"Angel Studios, Inc.",0001865200,2023-05-08,7812
CGC,Canopy Growth Corp,0001737927,2023-05-10,2833
SANM,SANMINA CORP,0000897723,2023-05-11,3672
CALC,"CalciMedica, Inc.",0001534133,2023-05-12,2834
ESOA,Energy Services of America CORP,0001357971,2023-05-15,1623
ACON,"Aclarion, Inc.",0001635077,2023-05-16,8071
AEAE,AltEnergy Acquisition Corp,0001852016,2023-05-17,3714
EZRA,"Reliance Global Group, Inc.",0001812727,2023-05-18,6411
NB,NIOCORP DEVELOPMENTS LTD,0001512228,2023-05-19,1000
MDWK,"MDWerks, Inc.",0001295514,2023-05-19,2080
CNTN,"Canton Strategic Holdings, Inc.",0001861657,2023-05-22,2834
GPUS,"Hyperscale Data, Inc.",0000896493,2023-05-22,3533
SUIG,SUI Group Holdings Ltd.,0001425355,2023-05-22,6199
DJT,Trump Media & Technology Group Corp.,0001849635,2023-05-25,7370
GFOO,Genufood Energy Enzymes Corp.,0001510518,2023-06-01,2833
LOGQ,"Coyni, Inc.",0000768216,2023-06-02,7389
AISP,"Airship AI Holdings, Inc.",0001842566,2023-06-02,7372
SUIG,SUI Group Holdings Ltd.,0001425355,2023-06-07,6199
IEHC,IEH Corp,0000050292,2023-06-09,3678
LIVG,"Livento Group, Inc.",0001593549,2023-06-28,7372
FXLV,F45 Training Holdings Inc.,0001788717,2023-07-07,5040
ADT,ADT Inc.,0001703056,2023-07-10,7381
FFAI,FARADAY FUTURE INTELLIGENT ELECTRIC INC.,0001805521,2023-07-11,3711
HGAS,Global Gas Corp,0001817232,2023-07-14,2810
EDXC,Endexx Corp,0001109486,2023-07-20,7389
BCML,BayCom Corp,0001730984,2023-07-21,6022
NXMH,"Next Meats Holdings, Inc.",0001811530,2023-07-24,2000
SENEB,Seneca Foods Corp,0000088948,2023-07-25,2033
DH,Definitive Healthcare Corp.,0001861795,2023-08-01,7372
NXMH,"Next Meats Holdings, Inc.",0001811530,2023-08-01,2000
DOCN,"DigitalOcean Holdings, Inc.",0001582961,2023-08-03,7370
CURR,Currenc Group Inc.,0001862935,2023-08-04,7389
ASTH,"Astrana Health, Inc.",0001083446,2023-08-07,8742
COOK,"Traeger, Inc.",0001857853,2023-08-08,3630
ATMU,Atmus Filtration Technologies Inc.,0001921963,2023-08-08,3714
TZOO,TRAVELZOO,0001133311,2023-08-08,7310
MARA,"MARA Holdings, Inc.",0001507605,2023-08-08,6199
KGS,"Kodiak Gas Services, Inc.",0001767042,2023-08-09,4922
ADTN,"ADTRAN Holdings, Inc.",0000926282,2023-08-10,3661
DTCX,"Datacentrex, Inc.",0001853825,2023-08-15,7374
DUUO,DUO WORLD INC,0001635136,2023-08-16,7372
KITT,"Nauticus Robotics, Inc.",0001849820,2023-08-16,3569
LOVE,Lovesac Co,0001701758,2023-08-16,5712
BSLK,"Bolt Projects Holdings, Inc.",0001841125,2023-08-17,2860
AIEV,"Thunder Power Holdings, Inc.",0001912582,2023-08-18,3711
NSSC,"NAPCO SECURITY TECHNOLOGIES, INC",0000069633,2023-08-18,3669
DUUO,DUO WORLD INC,0001635136,2023-08-21,7372
EDXC,Endexx Corp,0001109486,2023-08-21,7389
ACIC,AMERICAN COASTAL INSURANCE Corp,0001401521,2023-08-21,6331
SOAR,"Volato Group, Inc.",0001853070,2023-08-23,4522
ANNA,"AleAnna, Inc.",0001845123,2023-08-24,1311
DUUO,DUO WORLD INC,0001635136,2023-09-05,7372
NCRA,"NOCERA, INC.",0001756180,2023-09-06,0200
JYNT,JOINT Corp,0001612630,2023-09-06,6794
GLTK,GlobalTech Corp,0001938338,2023-09-07,4813
JYNT,JOINT Corp,0001612630,2023-09-15,6794
ISPR,Ispire Technology Inc.,0001948455,2023-09-15,2111
ISPR,Ispire Technology Inc.,0001948455,2023-09-19,2111
MBBC,"Marathon Bancorp, Inc. /MD/",0001835385,2023-09-20,6036
GLTK,GlobalTech Corp,0001938338,2023-09-21,4813
CGEH,"Capstone Green Energy Holdings, Inc.",0001009759,2023-09-22,3510
KBNT,"Kubient, Inc.",0001729750,2023-09-25,7373
PDEX,PRO DEX INC,0000788920,2023-09-28,3841
GHST,GHST World Inc.,0001121795,2023-10-04,7372
GHST,GHST World Inc.,0001121795,2023-10-10,7372
SKYH,Sky Harbour Group Corp,0001823587,2023-10-10,6500
DJT,Trump Media & Technology Group Corp.,0001849635,2023-10-12,7370
AWHL,Aspira Women's Health Inc.,0000926617,2023-10-13,2835
PED,PEDEVCO CORP,0001141197,2023-10-16,1311
DJT,Trump Media & Technology Group Corp.,0001849635,2023-10-16,7370
EVLV,"Evolv Technologies Holdings, Inc.",0001805385,2023-10-25,3577
PNBK,PATRIOT NATIONAL BANCORP INC,0001098146,2023-10-30,6021
BRBS,"BLUE RIDGE BANKSHARES, INC.",0000842717,2023-10-31,6022
LFCR,"LIFECORE BIOMEDICAL, INC. \DE\",0001005286,2023-10-31,2834
RNGC,Ranger Gold Corp.,0001434740,2023-11-01,1040
TTSH,"TILE SHOP HOLDINGS, INC.",0001552800,2023-11-03,5700
JRVR,"James River Group Holdings, Inc.",0001620459,2023-11-08,6331
INSE,"Inspired Entertainment, Inc.",0001615063,2023-11-08,7372
LNZA,"LanzaTech Global, Inc.",0001843724,2023-11-09,2860
CCBG,CAPITAL CITY BANK GROUP INC,0000726601,2023-11-13,6022
MACT,"MachTen, Inc.",0001957783,2023-11-14,4813
MDBH,"MDB Capital Holdings, LLC",0001934642,2023-11-14,6199
USLG,"U.S. Lighting Group, Inc.",0001536394,2023-11-15,3640
OCEA,"Ocean Biomedical, Inc.",0001869974,2023-11-15,2834
BGMS,"Bio Green Med Solution, Inc.",0001130166,2023-11-15,2834
VERU,VERU INC.,0000863894,2023-11-15,2834
GNLN,"Greenlane Holdings, Inc.",0001743745,2023-11-15,5099
EBS,Emergent BioSolutions Inc.,0001367644,2023-11-16,2834
GWTI,"GREENWAY TECHNOLOGIES, INC. & SUBSIDIARIES",0001572386,2023-11-16,2860
NTIC,NORTHERN TECHNOLOGIES INTERNATIONAL CORP,0000875582,2023-11-21,3470
WULF,TERAWULF INC.,0001083301,2023-11-22,6199
XCUR,"EXICURE, INC.",0001698530,2023-12-01,2834
HWNI,"HIGH WIRE NETWORKS, INC.",0001413891,2023-12-08,4813
SPGX,Sustainable Projects Group Inc.,0001500305,2023-12-11,1311
AERT,"Aeries Technology, Inc.",0001853044,2023-12-13,8742
QNTO,"QUAINT OAK BANCORP, INC.",0001391933,2023-12-15,6036
EGRX,"EAGLE PHARMACEUTICALS, INC.",0000827871,2023-12-15,2834
ONMD,OneMedNet Corp,0001849380,2023-12-18,8731
SHBI,SHORE BANCSHARES INC,0001035092,2023-12-18,6021
COCH,"Envoy Medical, Inc.",0001840877,2023-12-19,3842
TRU,TransUnion,0001552033,2024-01-08,7320
GNVR,Genvor Inc,0001792941,2024-01-16,0100
GPAK,Gamer Pakistan Inc,0001948884,2024-01-18,7900
RJET,REPUBLIC AIRWAYS HOLDINGS INC.,0000810332,2024-01-18,4512
GNVR,Genvor Inc,0001792941,2024-01-18,0100
ELS,EQUITY LIFESTYLE PROPERTIES INC,0000895417,2024-01-22,6798
SITM,SITIME Corp,0001451809,2024-01-25,3674
PLNH,Planet 13 Holdings Inc.,0001813452,2024-01-26,0100
FFIC,FLUSHING FINANCIAL CORP,0000923139,2024-01-26,6022
QBTS,D-Wave Quantum Inc.,0001907982,2024-02-02,7374
PETS,PETMED EXPRESS INC,0001040130,2024-02-08,5912
LBRA,1847 Holdings LLC,0001599407,2024-02-09,8742
GOLQ,"GoLogiq, Inc.",0001746278,2024-02-09,7370
NIXX,"Nixxy, Inc.",0001462223,2024-02-13,7371
VEEA,VEEA INC.,0001840317,2024-02-14,7373
SHAK,Shake Shack Inc.,0001620533,2024-02-15,5810
VERU,VERU INC.,0000863894,2024-02-15,2834
AEON,"AEON Biopharma, Inc.",0001837607,2024-02-16,2834
ALLO,"Allogene Therapeutics, Inc.",0001737287,2024-02-16,2836
GOLQ,"GoLogiq, Inc.",0001746278,2024-02-16,7370
ITHUF,"iANTHUS CAPITAL HOLDINGS, INC.",0001643154,2024-02-16,0100
ADTN,"ADTRAN Holdings, Inc.",0000926282,2024-02-20,3661
SUI,SUN COMMUNITIES INC,0000912593,2024-02-20,6798
ETST,"Earth Science Tech, Inc.",0001538495,2024-02-21,2834
OMEX,ODYSSEY MARINE EXPLORATION INC,0000798528,2024-02-26,4400
SHAK,Shake Shack Inc.,0001620533,2024-02-26,5810
TKCM,TOKEN COMMUNITIES LTD.,0001683252,2024-02-27,6552
CPAY,"CORPAY, INC.",0001175454,2024-02-29,7389
FRST,Primis Financial Corp.,0001325670,2024-03-01,6022
ARHS,"Arhaus, Inc.",0001875444,2024-03-06,5712
BRCC,BRC Inc.,0001891101,2024-03-06,2080
CLRCF,ClimateRock,0001903392,2024-03-08,6770
INTT,INTEST CORP,0001036262,2024-03-12,3825
PLBY,"Playboy, Inc.",0001803914,2024-03-12,5900
CCBG,CAPITAL CITY BANK GROUP INC,0000726601,2024-03-13,6022
PSQH,"PSQ Holdings, Inc.",0001847064,2024-03-14,7310
SONDQ,Sonder Holdings Inc.,0001819395,2024-03-15,7000
AUTL,Autolus Therapeutics plc,0001730463,2024-03-21,2836
COEP,"Coeptis Therapeutics Holdings, Inc.",0001759186,2024-03-25,6199
TMC,TMC the metals Co Inc.,0001798562,2024-03-25,1000
AEAE,AltEnergy Acquisition Corp,0001852016,2024-03-27,3714
SLE,"Super League Enterprise, Inc.",0001621672,2024-03-27,7373
ICU,SeaStar Medical Holding Corp,0001831868,2024-03-27,3841
GAIA,"GAIA, INC",0001089872,2024-03-27,7812
ZVRA,"ZEVRA THERAPEUTICS, INC.",0001434647,2024-03-28,2834
ALSAF,Alpha Star Acquisition Corp,0001865111,2024-03-28,7372
ILLR,Triller Group Inc.,0001769624,2024-03-28,6282
HRBR,"HARBOR DIVERSIFIED, INC.",0000899394,2024-03-29,4512
MSSAF,Metal Sky Star Acquisition Corp,0001882464,2024-03-29,6770
TTNP,TITAN PHARMACEUTICALS INC,0000910267,2024-04-01,2836
OCGN,"Ocugen, Inc.",0001372299,2024-04-01,2836
KPLT,"Katapult Holdings, Inc.",0001785424,2024-04-02,7359
CVU,CPI AEROSTRUCTURES INC,0000889348,2024-04-03,3728
BSLK,"Bolt Projects Holdings, Inc.",0001841125,2024-04-05,2860
AIOT,"Powerfleet, Inc.",0001774170,2024-04-05,3669
QIND,Quality Industrial Corp.,0001393781,2024-04-08,3590
TOON,"Kartoon Studios, Inc.",0001355848,2024-04-09,7812
NRXS,"Neuraxis, INC",0001933567,2024-04-09,3845
XWEL,"XWELL, Inc.",0001410428,2024-04-12,7200
LEEN,"Leopard Energy, Inc.",0001230524,2024-04-15,8742
BLMH,"BLUM HOLDINGS, INC.",0001996210,2024-04-15,5900
ORGS,Orgenesis Inc.,0001460602,2024-04-15,2834
RVPH,"REVIVA PHARMACEUTICALS HOLDINGS, INC.",0001742927,2024-04-15,2834
ECDA,"ECD Automotive Design, Inc.",0001922858,2024-04-16,3711
CDT,CDT Equity Inc.,0001896212,2024-04-16,2834
KUBR,Kuber Resources Corp,0001081834,2024-04-16,4832
UBCP,UNITED BANCORP INC /OH/,0000731653,2024-04-19,6022
BKYI,BIO KEY INTERNATIONAL INC,0001019034,2024-04-22,7372
HOVR,New Horizon Aircraft Ltd.,0001930021,2024-04-22,3721
GXXM,"GEX MANAGEMENT, INC.",0001681556,2024-04-25,8742
IONM,Assure Holdings Corp.,0001798270,2024-04-26,3841
BWMY,"BorrowMoney.com, Inc.",0001656501,2024-04-29,7389
ARHS,"Arhaus, Inc.",0001875444,2024-04-29,5712
QPRC,QUEST PATENT RESEARCH CORP,0000824416,2024-05-02,5190
AEON,"AEON Biopharma, Inc.",0001837607,2024-05-03,2834
HCWB,HCW Biologics Inc.,0001828673,2024-05-03,2834
BMNR,"BITMINE IMMERSION TECHNOLOGIES, INC.",0001829311,2024-05-07,6199
VNUED,"VNUE, Inc.",0001376804,2024-05-08,7822
KSEZ,Kinetic Seas Inc.,0001945619,2024-05-08,6770
WNLV,Winvest Group Ltd,0001558740,2024-05-09,7812
FF,FutureFuel Corp.,0001337298,2024-05-10,2860
CCBG,CAPITAL CITY BANK GROUP INC,0000726601,2024-05-13,6022
NROM,NOBLE ROMANS INC,0000709005,2024-05-13,5812
EVOK,Evoke Pharma Inc,0001403708,2024-05-14,2834
AMOD,"ALPHA MODUS HOLDINGS, INC.",0001862463,2024-05-14,6794
MSBB,"Mercer Bancorp, Inc.",0001967306,2024-05-15,6036
IGTA,Inception Growth Acquisition Ltd,0001866838,2024-05-17,6770
AAPI,"Apple iSports Group, Inc.",0001134982,2024-05-20,6411
JUVF,JUNIATA VALLEY FINANCIAL CORP,0000714712,2024-05-21,6022
UNXP,OZ VISION INC.,0001751707,2024-05-22,4700
BRTX,"BioRestorative Therapies, Inc.",0001505497,2024-05-24,8090
MAPS,"WM TECHNOLOGY, INC.",0001779474,2024-05-24,7372
QMCO,QUANTUM CORP /DE/,0000709283,2024-05-29,3572
ONMD,OneMedNet Corp,0001849380,2024-06-04,8731
FOXO,FOXO TECHNOLOGIES INC.,0001812360,2024-06-04,8731
PPSI,"PIONEER POWER SOLUTIONS, INC.",0001449792,2024-06-06,3612
BRGX,"BIOREGENX, INC.",0001593184,2024-06-11,7370
UNXP,OZ VISION INC.,0001751707,2024-06-24,4700
VIPZ,"VIP Play, Inc.",0001832161,2024-06-25,5900
RNGC,Ranger Gold Corp.,0001434740,2024-07-01,1040
BAER,"Bridger Aerospace Group Holdings, Inc.",0001941536,2024-07-01,7389
CMP,COMPASS MINERALS INTERNATIONAL INC,0001227654,2024-07-03,1400
PGTK,Pacific Green Technologies Inc.,0001553404,2024-07-08,4955
INVX,"Innovex International, Inc.",0001042893,2024-07-08,3533
SHPH,"Shuttle Pharmaceuticals Holdings, Inc.",0001757499,2024-07-16,2834
RITM,Rithm Capital Corp.,0001556593,2024-07-22,6798
CLNV,Clean Vision Corp,0001391426,2024-07-25,2860
ZUUS,"ZEUUS, INC.",0001687926,2024-07-25,7380
HMMR,HAMMER TECHNOLOGY HOLDINGS CORP.,0001539680,2024-07-26,4899
INVX,"Innovex International, Inc.",0001042893,2024-08-01,3533
ZEO,Zeo Energy Corp.,0001865506,2024-08-02,1700
UMAC,"Unusual Machines, Inc.",0001956955,2024-08-07,3663
CLRB,"Cellectar Biosciences, Inc.",0001279704,2024-08-09,2834
LUXH,LUXURBAN HOTELS INC.,0001893311,2024-08-09,6500
QUBT,Quantum Computing Inc.,0001758009,2024-08-12,7372
AIRJ,AirJoule Technologies Corp.,0001855474,2024-08-13,3585
VIPZ,"VIP Play, Inc.",0001832161,2024-08-13,5900
AKOM,Aerkomm Inc.,0001590496,2024-08-13,4899
RYM,"RYTHM, Inc.",0001800637,2024-08-14,0700
UGRO,"urban-gro, Inc.",0001706524,2024-08-14,5080
COEP,"Coeptis Therapeutics Holdings, Inc.",0001759186,2024-08-14,6199
ELDN,"Eledon Pharmaceuticals, Inc.",0001404281,2024-08-14,2834
SSII,"SS Innovations International, Inc.",0001676163,2024-08-14,3841
UMAC,"Unusual Machines, Inc.",0001956955,2024-08-15,3663
OPGN,CapForce Inc.,0001293818,2024-08-19,8071
TLGYF,TLGY ACQUISITION CORP,0001879814,2024-08-19,2821
LNAI,Lunai Bioworks Inc.,0001527728,2024-08-19,2834
SING,SinglePoint Inc.,0001443611,2024-08-21,5960
CEIN,"CAMBER ENERGY, INC.",0001309082,2024-08-23,1311
ALCE,"Alternus Clean Energy, Inc.",0001883984,2024-08-23,4931
SPIR,"Spire Global, Inc.",0001816017,2024-08-27,4899
CBDW,1606 CORP.,0001877461,2024-08-28,7372
FLUX,"Flux Power Holdings, Inc.",0001083743,2024-09-05,3690
FRST,Primis Financial Corp.,0001325670,2024-09-12,6022
ATEK,Athena Technology Acquisition Corp. II,0001882198,2024-09-13,4955
SWAG,"Stran & Company, Inc.",0001872525,2024-09-16,7311
ISPR,Ispire Technology Inc.,0001948455,2024-09-18,2111
IVHI,"Invech Holdings, Inc.",0001009919,2024-09-18,8742
RGEN,REPLIGEN CORP,0000730272,2024-09-18,2836
IVF,"INVO Fertility, Inc.",0001417926,2024-09-20,3841
LASE,Laser Photonics Corp,0001807887,2024-09-23,3690
PW,Power REIT,0001532619,2024-09-24,6798
EDGM,"Edgemode, Inc.",0001652958,2024-09-24,8082
CABO,"Cable One, Inc.",0001632127,2024-09-24,4841
ABTI,ALTEROLA BIOTECH INC.,0001442999,2024-09-30,2833
PLAG,Planet Green Holdings Corp.,0001117057,2024-09-30,2030
PEVM,PHOENIX MOTOR INC.,0001879848,2024-10-01,3713
EGRX,"EAGLE PHARMACEUTICALS, INC.",0000827871,2024-10-02,2834
LASE,Laser Photonics Corp,0001807887,2024-10-02,3690
POWW,Outdoor Holding Co,0001015383,2024-10-03,3480
BIOE,Bio Essence Corp,0001723059,2024-10-07,2834
FSTR,FOSTER L B CO,0000352825,2024-10-08,5051
KTCC,KEY TRONIC CORP,0000719733,2024-10-10,3672
DRCT,"Direct Digital Holdings, Inc.",0001880613,2024-10-15,7310
RNGE,"RANGE IMPACT, INC.",0001438943,2024-10-15,1600
CDIX,Cardiff Lexington Corp,0000811222,2024-10-17,8011
NAMS,NewAmsterdam Pharma Co N.V.,0001936258,2024-10-18,2834
DSS,"DSS, INC.",0000771999,2024-10-22,2650
SANW,S&W Seed Co,0001477246,2024-10-23,0100
BURU,"Nuburu, Inc.",0001814215,2024-10-24,3690
FNWB,First Northwest Bancorp,0001556727,2024-10-25,6036
EVLV,"Evolv Technologies Holdings, Inc.",0001805385,2024-10-25,3577
NODK,"NI Holdings, Inc.",0001681206,2024-10-28,6331
ADGM,"Adagio Medical Holdings, Inc.",0002006986,2024-11-01,3841
ADM,Archer-Daniels-Midland Co,0000007084,2024-11-05,2070
ONMD,OneMedNet Corp,0001849380,2024-11-05,8731
ATLX,Atlas Lithium Corp,0001540684,2024-11-08,1400
KORE,"KORE Group Holdings, Inc.",0001855457,2024-11-12,4899
QTRX,Quanterix Corp,0001503274,2024-11-12,3826
UAVS,AgEagle Aerial Systems Inc.,0000008504,2024-11-13,3721
GOAI,Eva Live Inc,0001983736,2024-11-14,7370
CDT,CDT Equity Inc.,0001896212,2024-11-14,2834
ZEO,Zeo Energy Corp.,0001865506,2024-11-14,1700
SYM,Symbotic Inc.,0001837240,2024-11-18,3569
AGQ,ProShares Trust II,0001415311,2024-11-18,6221
SYRE,"Spyre Therapeutics, Inc.",0001636282,2024-11-18,2834
ECDA,"ECD Automotive Design, Inc.",0001922858,2024-11-19,3711
ALPP,"ALPINE 4 HOLDINGS, INC.",0001606698,2024-11-19,3669
HWNI,"HIGH WIRE NETWORKS, INC.",0001413891,2024-11-22,4813
FTII,FutureTech II Acquisition Corp.,0001889450,2024-11-26,2836
SYM,Symbotic Inc.,0001837240,2024-11-27,3569
SAML,"Samsara Luggage, Inc.",0001530163,2024-11-29,5990
COOT,Australian Oilseeds Holdings Ltd,0001959994,2024-12-03,2070
SHWZ,"Medicine Man Technologies, Inc.",0001622879,2024-12-04,8742
TTGT,"TechTarget, Inc.",0002018064,2024-12-06,4822
PGTK,Pacific Green Technologies Inc.,0001553404,2024-12-12,4955
NXTT,Next Technology Holding Inc.,0001784970,2024-12-12,7374
ONEI,OneMeta Inc.,0001388295,2024-12-13,7374
FTII,FutureTech II Acquisition Corp.,0001889450,2024-12-13,2836
PPIH,"Perma-Pipe International Holdings, Inc.",0000914122,2024-12-20,3564
DHTI,"Dalrada Technology Group, Inc.",0000725394,2024-12-23,7363
OCC,OPTICAL CABLE CORP,0001000230,2024-12-23,3357
TRXA,T-REX Acquisition Corp.,0001437750,2024-12-27,6199
